"standard_azul_11","exitable_azul_11","exitable_zing_17","standard_zing_17","exitable_temurin_17","standard_temurin_17"
200714687,305324546,165534402,160560071,175300812,179002414
207655037,206358953,163874628,159595996,175970537,187528740
200523075,206590741,270141844,279433491,175376034,291233936
198378350,203170348,165346789,159718726,176073331,290955199
194646186,200279434,164118789,162320786,175863625,190179220
187624723,200048548,164143025,160886879,177292965,173178626
191890806,194804688,164993872,160176243,176875597,173579294
187356335,195425461,165040350,161334426,178483413,173477500
186480990,195451651,165069676,160601257,182688183,179512509
186665660,194034902,164203340,161755052,177387293,176664725
186116921,194792023,165007468,160353557,176798872,173303210
186583113,194860864,165235680,161919975,177770697,173947859
185746281,194815958,164117869,161324516,177116391,174984319
185422740,198009153,164592685,160979143,177720532,174632153
194142262,216281796,164436471,160829989,177410678,179268377
198308839,206930585,166266748,160964544,177675868,174862760
198295734,206907891,164463542,160858193,177133254,174515763
198505300,207107768,165956341,162048287,176932725,179206129
206872688,207241451,165261649,160478143,181892852,174787317
245993270,207429577,164114062,160925739,176266848,174348227
414835165,206896470,165533292,161907829,176371795,174402029
258304262,206755042,164127417,160826190,176144427,174176151
198419217,216825624,165150890,161831604,238913469,174796032
203740537,212880629,165807340,160729677,299090515,178375329
199265517,336688101,165302025,161984304,259282347,172897855
199108901,401026503,165071090,160488149,180426813,174697476
207181691,207476085,165806419,162280884,175406293,179277544
198716841,203341651,166201235,160181277,176879735,173209885
193921695,199570714,168414474,161780547,175917027,253850453
188653125,209346140,165271599,161422659,176557787,289666944
191749709,195192270,166338975,162194671,178278047,242363440
186834327,195486968,169577000,161284226,177926453,172620290
186558076,195214072,171261811,162147531,178097936,173438196
186247087,193969299,171793817,162313965,177830441,172644586
185044954,193687737,171180589,162671804,177594706,178825981
194162300,194188854,172445608,164404015,183593755,174260120
186250614,194053939,171588851,163556689,177827406,174539838
185378926,198481487,172441380,168247466,177534994,175151805
194401582,215891870,254244057,166750248,177646624,175313240
198229248,206425600,233260209,167250236,177056259,174774352
198125342,206649824,167494919,233290506,176767704,174489723
198210232,206893995,165384423,241708353,176671984,174942991
198869047,207226785,167955600,165513596,176440447,174913865
197972833,207298270,165923121,160458719,176485011,174800121
206962026,206610329,165019945,160241377,182047436,179842441
357049598,212470233,164226057,161529958,175683637,174041056
414521240,207108110,165501525,160499536,176190114,174539527
308773508,207785611,164767950,161561438,176665461,173928383
198856413,206718574,165556719,160624232,206797888,173856076
198397406,235965597,164859092,160705306,293051633,173414591
206795120,424194909,165592518,161164735,292013422,174042969
198819393,280098704,164469187,160612047,180951687,173680775
194114699,199169838,165188656,160500375,176541237,173581968
187344963,199870312,165605873,161555545,176541238,177953661
191865398,195867506,165975741,160433339,177263102,198133275
186892467,195483271,165291369,160745721,177757554,290292967
186884471,195124182,165771246,161481643,177746243,290761983
186310276,193146975,165765815,160590585,177558529,179006602
185734678,194715440,164333972,161589157,177894623,173161973
185168548,193859021,166778077,160395376,177257230,173628686
195162701,195332807,164628709,161388507,177056170,175729056
185833645,198739455,165240974,160456622,182032188,179405616
194906737,207213109,164899931,160359997,178044828,175038281
198345236,206432393,164248081,160623878,176695129,175072795
198460564,207309702,165079971,160638015,176878115,179872529
198339606,207584211,165906642,162114311,177611680,179891765
198708753,207005597,165298194,160321114,176532862,175382691
198087860,208515069,163876498,161917749,176402296,174222939
207200225,208021366,166346664,160479222,176502926,174980041
198615939,207539866,164465391,161394196,175898876,174679162
198319448,207169726,167519899,160519869,180155263,179537664
307445246,207223439,164349802,161542967,176743962,174974770
416377669,207183453,164913096,160538996,175654753,173107280
358164434,206857748,163967281,160722032,175558252,174978989
198004963,207005236,165372734,160886443,176433886,173781786
207447533,201981431,163845200,161133069,294698064,173609620
193279239,198314441,165049966,160362120,294748339,172940205
187776617,200163425,165997545,160507134,205528493,173292260
192120519,195520512,165625813,161762071,183186348,172831609
187941760,195148859,166004448,160561186,177390242,172347815
186851218,194292781,166837772,160489068,177372068,178169108
186088656,194282772,165497021,160593316,177810316,263854612
185486177,193445049,166727403,159908249,177108951,290466394
185242928,193533887,164905634,160770651,177368111,232202163
194443421,194364747,165869995,160372427,177692413,173640839
185637714,200297901,166284879,161550700,177363622,175371369
194827838,206774199,248297636,160649771,177128007,176161212
198414397,207437063,165186234,161169255,176823693,174639016
198380583,207070950,168870192,160688845,176495884,180059241
197959146,207788376,167963659,161813215,176004906,175284716
198346880,208030794,172026682,161548804,176707463,174507016
197985275,206942007,173549510,162094117,176452011,174598599
198047664,206604850,171913169,161910319,176307759,174906812
206503828,211277120,172429735,235196300,175684772,175653122
197786600,206815147,172787090,161424167,176082944,173951836
198024090,206516222,171417894,166940095,175628457,174329711
198464391,206769371,252853300,166966255,175087764,173773409
257096958,206850193,235488576,167768415,175682078,179323530
414490671,206747720,166355174,208802713,176342874,173817413
409679906,202604589,168520532,268333056,175745386,173397488
193118256,197606143,165394730,165705094,176790531,173681956
188368846,199836528,163838490,160743556,262183491,172437734
191292383,195350219,165147592,161853429,180307844,173262493
186863110,195280518,166035290,160791316,178103780,172375367
187096161,194753562,164542270,160447073,178214881,173173866
187105268,194092292,165690178,160518499,177658099,173021056
184945456,193386669,165780738,161389588,176883546,173458113
185052828,194110827,164501062,160361431,177858558,211366939
186333780,194498530,164901248,161680029,177176560,291042423
185597718,199609610,164660022,160385206,177445618,197848296
195074713,207199073,168054985,161093617,177117118,174694180
198415779,207177141,166403314,160495824,177329950,174349147
197923508,206961625,165172421,160556029,177984185,175041316
198246168,206866344,165643449,161712229,176316226,175534919
198174092,207199735,166094042,160352823,176537243,174947829
199303016,206683237,163604139,161443560,176724977,174231855
198150877,207195887,165196527,160514688,177222908,174512236
198642858,207185888,165697423,160480254,174894090,175048950
198571884,207948009,164051865,160246080,176600773,174118051
198296493,207111627,164043439,161273225,175472603,173873438
200487025,207626912,164900649,160575264,175361372,174402408
197961379,207610120,164181821,161393874,175350512,173601995
197952092,207266119,165214402,159763195,176163658,173325432
198576543,203028371,164792063,161841821,175803768,174437424
192776479,198153628,163976984,160566035,176027370,173281198
188383593,200504240,167600268,161444349,175938232,172798166
191112834,194899118,164563893,160552028,177818142,173017129
186904118,195013744,164785411,161340803,178123730,172768109
186501405,194360209,165276880,160691211,178147013,172968377
186022782,193963209,163806402,160677214,177958598,172922450
185071904,193979219,166848679,160586252,177377972,173246052
185307460,193873489,164024574,161055722,177494061,173490424
185377942,194182443,164709699,161528105,176927231,173631551
185456531,200355610,165336624,160351317,177549987,175289895
196150325,207457201,164873829,161644245,177210956,174651880
198748417,208926568,163571500,159723887,177361962,174926538
198429686,207438796,165410913,161353424,176629509,175278524
198552487,207258876,165345090,160546795,176771786,174767368
198269131,208478140,164879369,160348841,176265902,174790491
198236499,207455417,165027349,161381557,176248588,174697186
198054735,207317738,164329241,160587052,176366852,174266731
198169853,207037157,163688511,160747746,175411728,174027369
198211071,210978977,167374553,160572913,175462214,174510582
197690427,208302529,167465654,160567274,175712737,174498279
198149735,207168725,167038849,161449274,177031247,174603388
198369030,207560236,165110567,160860519,176655718,173057846
199042353,207894177,166016869,161695651,175645209,174145352
197782391,204537493,167634585,160270851,175930889,174091631
192667081,197791324,173078596,162369296,176001222,173613276
188467833,200508880,171213444,162842161,175869183,173073766
190956598,195377612,172260091,162218090,178017811,172801010
187439308,195598149,171093708,164203660,177979398,172943110
186936047,195064751,171714571,162342174,178775943,173153467
187408159,194529318,170858895,167719198,177364947,173783958
185828033,194351443,259757949,165801475,177885110,174151193
185524940,194492639,228864374,167911843,177191560,173011388
185728033,194399142,167960342,206166914,178182793,173833152
186209924,209079598,168235591,274305269,176596717,175044703
196165243,207456711,164922624,163662132,177713095,174131595
198274551,206951446,164283477,161210007,179314230,175107621
198348470,206938080,164909139,160966025,177099497,174975150
198336098,206741699,163827115,160893297,176498382,175155200
198623861,206947017,164901925,162665754,177274687,174945434
198018747,207037197,164617989,161525455,176209166,175019414
198015341,207374065,164577733,162096365,176581449,174104064
197663125,215257864,164996814,160849654,175676209,174461519
198173670,206750986,163338012,161634640,176414524,174500302
198425997,209837930,163523201,160800921,175209047,174094696
197716054,206898245,165508892,161858604,175433280,174169617
197719612,206898856,164153533,160764953,175572944,173529658
198053573,207773278,164362678,160920577,175831052,174317918
198033475,337236871,165016612,161175058,176112764,173930606
194694773,336601310,164815603,161739828,177090791,174084787
188212730,274367074,164649209,160828061,176650389,172861965
190116960,195576248,163606871,161764544,177778150,173417025
186926338,195067707,164908799,160774911,177692908,173591104
187261162,195185469,164988830,162131570,180373350,173243938
186456810,193887436,164948374,160794335,177557563,173607965
185377100,194170461,164892529,160886200,176608911,174195888
186047477,200627414,163919591,160917268,177276752,173284054
185768139,194852320,164351739,161602427,177152969,173831539
185521163,202239140,163553170,160509646,176543859,174554235
196333160,207822282,165020361,161330331,176949014,175161382
198685167,207611073,163499809,160036379,176934716,175985259
197968011,207474705,165031401,160262878,176424573,175751999
198545011,206744374,165197926,161510731,176457645,174485465
198008147,207209153,164971179,160703893,176755940,174788167
198511478,212862276,163890388,161966405,176413722,176119193
198532107,206737061,164655271,160787131,176250786,175161492
198207845,206668161,164037235,161900448,178056625,174196308
198621546,211159859,164340898,159832832,175841473,174241643
198073310,208160752,163353473,161829274,175180013,173794148
198216060,206541821,165102968,160521747,175727588,174507436
200450663,206916540,163942386,161935174,176677732,174485394
198308385,206678400,163294562,161457119,176096715,173442482
199424234,208007121,165253171,161575754,176135958,174032588
192555489,197415373,166262749,161966932,177022964,173861886
189334851,289320034,165802769,160905983,183515206,172962977
190967728,314609338,164530667,159873628,268499687,172718223
187870994,269792229,164862835,160832594,177938173,173556178
186948059,195383333,166907998,162029121,178380929,172874429
186712805,193591257,166545342,160834417,177502029,173369345
185565165,198848272,166287025,160634327,177599584,173438595
186009384,194437055,165004172,161131529,178634107,173732091
185764432,194440661,166238304,162449445,177415996,173703406
185645547,202046636,168079400,160826802,177007225,174005236
196765266,207099376,171136254,162566847,183962460,174527343
199059374,206478543,171839943,161400368,177278527,175755736
198873442,207257835,171870230,162638292,177068692,175024353
198336707,207672929,171589801,163406778,177100822,176671526
198420736,212343707,174663276,163640359,176244704,175252484
198242519,206954111,171797563,167078823,176449732,174797213
198313283,206703267,247023067,168065021,176966749,175239328
198711086,207932480,241555270,167423075,176412802,175465928
198180031,207046847,167580299,168659335,175132795,174476748
197852772,206709950,167831033,313485869,181842838,174256461
206630776,206695773,164078505,166848485,176287916,175209904
198549008,207118131,164884026,160550326,176228645,173988705
198327961,212709368,165617883,161472452,175547738,180930537
214311785,203084358,164063828,159763174,177242910,174342535
292680160,196890041,165618725,162321409,176083732,173730006
188691715,200339841,165143357,160368170,175819973,173846707
190185008,195391680,164094867,161756069,193692187,174454215
189099516,243528403,165171800,160420028,297504987,174719446
194005460,313234781,163951997,160416832,302179576,173454194
186100346,318236533,165027608,161774824,191055407,174092782
184960190,264476703,164956174,159778561,176880096,173599829
185513196,194479095,164326896,162061195,177432990,179821670
185914785,193986965,167177050,160381634,177237311,173837358
185618265,201839575,164508168,161465036,177626085,174950763
195781728,206406497,164695863,160798092,176924800,283617967
198636935,206728806,165431292,161035111,176872892,248392634
198054663,207514350,165511603,160643408,183869847,175077644
205408305,211784059,163784733,161447501,177006265,174626540
199230476,206630270,164228992,160628319,175850171,174530589
197889281,207017711,165181500,161629897,176084172,174900829
197762221,212650608,164626052,160571022,176476835,182551981
198414713,206785543,165197902,161536359,176062583,174838220
198077858,206889299,164040536,160779205,176202036,174626421
198530764,207065623,165267814,160942895,175819783,174057355
198480008,206641851,164278285,160697809,176492404,174587186
204495629,212528837,164577019,161747068,181248345,173467720
198040337,207110467,166673990,160373146,175901949,174324841
197960977,202013194,165643103,161585882,176366506,174189043
261448700,195507569,164828724,159875902,175899043,174074296
324936114,200836079,163981125,160996585,176544452,179368935
315760218,196029135,166381548,161529986,177532920,173661746
187529417,195018725,163538949,160391038,177139486,173081711
192886805,194642945,166212358,161377366,178131320,173236012
185730636,199121909,164448928,160504833,283631828,172841135
184887784,246507684,166345260,161544021,301579585,173307909
186130412,313420893,164152919,159303868,218106838,173834413
185663710,290567993,164808567,161558479,177202816,173636949
185606132,202373616,164197734,160470347,176847186,173825316
196287753,207100278,165726542,161590689,177136932,180863650
197869853,207667700,164131179,160645067,177011305,198787169
204042522,214608627,164560960,160233408,179203285,293428129
198899711,206601296,165971325,160703597,176433924,292338310
198266443,206944032,167090217,160438295,182219250,182679803
198347426,207280880,167850574,162006846,176350327,175322486
198287474,207467041,167721640,161069922,176035101,174993194
197751000,206472011,166999887,161692811,175621560,174169817
198121660,206627054,165443768,160967998,175401164,180968198
198117001,218445789,168085017,160734124,176013281,174690351
198037470,206976816,172034767,161602659,175867836,174181399
203583365,207398401,174634587,161961469,177160296,174770523
197691977,207000960,171437348,161696266,175122949,174551037
197212431,202550410,172685626,164227732,175584381,174002911
192568563,195475548,171525465,162079010,181974138,173889016
188945343,199746841,172764375,166824739,175896850,173281007
209449022,195935949,235504011,167230938,177559621,173778618
305458895,195172586,253973703,167952264,178189110,178492057
312949084,194847192,166890732,166611525,178331298,172885289
284778431,206056986,166847160,294787191,176864669,173819164
185409930,194367275,167679502,185353170,177392195,172561347
185841846,195359850,163835322,160473699,252135336,173437192
186386556,223221266,163786069,160119928,301032784,173080358
186321343,394416436,165356906,161881786,249164165,173191747
196807635,429181459,164349373,160292054,177583697,175569693
198046376,222560777,164983080,161793658,179381232,174295995
203711787,207625981,164285633,159399993,177427622,175395664
199335023,208025838,164861952,161474302,177344355,181991081
199984691,211836259,164570682,160363609,176963116,268198130
197964893,207138570,163915072,160436407,176347182,291998547
198122000,206873941,165252249,161506464,176909354,231267433
198368897,206724749,164243834,160584888,180762791,174479232
198952400,206721974,165016945,162445330,175304984,174593007
197999458,207954643,165838867,159625279,174866095,175189334
198308422,207162967,166344983,160651923,175263976,174391856
198290408,206369247,164663518,161486634,175071162,180659944
197796685,207530993,165351207,160393985,175386768,173631610
197176813,201184679,164260567,161456437,176174817,173599980
192875282,196174139,164398908,159707946,176073706,173732801
189215293,200346976,165617630,162024551,175894678,174008992
189425981,195015079,163660734,160640070,182663361,173390323
187661757,207543567,164685961,160378775,178354293,172682846
192018412,194843133,165269022,161594738,177737207,172729314
208636305,193865627,164129730,160283955,177020053,172649614
304796662,193875094,165025723,161491090,176927439,178486958
223007261,194397511,163660454,160708248,177367039,173823052
185637750,193683793,164443533,162398840,177102209,173278011
185748731,203895392,163974387,160386318,222086016,173387909
196877968,215525331,164463311,160515853,300418055,175383501
203664647,439871062,165172039,161170052,282228824,174485894
198845797,429177322,165945790,160443967,176680281,175127507
198507248,253378811,165090274,161070984,176362251,174500332
199206450,206955545,163824735,160664334,175883897,175027126
198444780,206668443,165392585,161262797,176250030,179999826
198119725,206428249,164797973,160720118,176533484,215890247
198185820,206749485,164785099,161453258,175581127,292203625
199068188,219972095,163688508,160239258,175426454,284048009
198631603,206660647,164213390,160475755,181239312,174824764
203090472,206407479,164847076,160247814,175288854,174700299
198018905,207365811,163811301,160334919,175922400,174518295
198251404,207229504,165249326,161728498,175787687,174006187
196991853,200933164,164798655,160445167,176330562,179511323
193365408,196448297,165899074,161483794,175864762,173544815
190416994,198923626,167739981,159553969,175696003,173539034
189158605,195020850,167868614,162623962,177846154,172755273
187302687,204430894,164994766,160881292,177251191,172773236
191741628,194273747,165926635,160727872,183470417,173461989
185945322,193544299,168096264,161713818,177390494,172604157
187817790,193518470,171590614,161261551,178365986,173494310
268182949,193933254,170853392,162740592,176822141,173176388
304246331,194436525,171922932,160932086,177089395,173292017
252007171,205163368,170995660,164032839,178145510,179299263
197065641,207419883,171467832,162729511,177207048,174728672
204968131,207159500,171181090,165923851,188692179,174030945
198050925,215638726,229249967,167495948,301222897,174967734
198337617,397888740,254967579,166189222,295261579,175055281
198117771,424528678,171474315,167874395,194719582,174937127
198157025,298810442,164656158,262338783,176888637,175164487
198222448,206795213,165433185,218254921,176480015,174475845
198490355,206827353,163722023,160749741,175590755,174722190
198145242,215406277,165487608,161094041,176080341,179514519
199013375,206816162,164565647,161317975,175009658,278919004
210754238,206677720,164682719,161621550,175298384,292111210
198517606,207845427,165165590,160675137,180533130,218767886
198094758,207150724,165125785,161839163,176048951,173805948
196544888,200369809,164981333,160573986,175675115,173244858
192557149,196616736,164788819,160950268,176382090,174913964
189823612,199166174,163679394,161007356,175849005,174264365
189470945,205322961,164296780,162270167,178648951,179237475
186887553,195606276,163928785,160753876,177488010,173320170
186769698,194259190,164928834,160919128,177708815,172931767
198822954,193320066,164170682,161291063,177891571,173064036
185756583,194038774,165489643,160545260,182648325,173814134
184991718,194699794,163740470,161535885,177874339,173130091
185541657,193802367,165076463,160326474,177965851,173279504
241398266,204621615,164951607,161554271,177370487,174201215
409542486,207873701,165139012,161171746,177528556,174596834
371697416,216665596,165240402,160819268,178121636,179830967
315349458,207179409,164924117,161745392,176664174,175660143
198784993,206847501,163569678,159967434,176747832,175119071
199064991,206567332,164754666,161856812,274002901,174266308
198636161,339209202,163706866,160631802,301574504,174658511
198178065,423692948,166086401,161612259,227372773,174251351
198061904,371839891,164379477,160488280,175143812,174888044
198561179,291120599,164549749,161223963,175440864,174251000
198215545,206346835,164600666,160884850,175402731,175193040
269759738,298357036,164256746,162044987,175099068,175431912
197958219,206714500,164343349,160949833,196063312,264656044
198006990,206753434,164379278,160770924,175197043,291160423
196666016,202261845,166198693,161750109,181038035,270187098
192207607,197409755,163953724,160855584,176054151,173110724
189988934,207402771,165245103,160660344,175565890,173693707
188800557,195358088,164263168,161673403,178333878,174032366
187202867,195437939,164766359,160968607,177199666,173390283
201012533,194221690,164679465,161721073,178072214,178072072
185974255,194215849,164764947,160970221,177842590,172556687
184934749,193852082,164053433,161750428,177492539,173676023
185355585,193725132,166133642,160901610,177801883,173661315
185688334,198090943,164984271,160798725,182422189,172680481
186518093,205455691,163975316,160684909,179607123,174482918
197773109,215785714,168295335,160911248,177623957,173332103
254717653,207115368,167412006,160257810,176564025,176391195
327819741,206929227,166700152,160870050,177077466,175862195
418799433,207245745,166502790,160998212,176929827,174798173
198102822,206745338,165196683,161916971,176538968,179810909
197997322,207085752,168250300,161076069,176963821,174814224
198105928,206802106,172036150,162211980,241881005,174763709
198573151,265859489,171505549,162387802,298968493,174729885
198358074,356954330,171951272,162958704,258864994,174536379
198661728,423482912,170926506,163048093,175569768,174706010
210281293,336650478,171312845,164055199,175408954,174469032
198159368,207419663,170826979,164511755,175552255,174805567
198401417,206700353,204164824,167283714,177177655,174048316
196028711,201396600,287643365,167050522,176467484,179296135
192644503,197774144,169421634,168149152,176131720,290192462
190271338,207538217,163397726,210223035,181667716,291247797
188818962,195023997,165819240,263287731,177681186,205546435
187440256,195276754,165230428,162484685,177667410,172894565
187601230,194119397,164043596,160235514,177661789,172806269
196099325,193444722,165890876,160515816,177305016,173223898
184939097,194656853,165095634,161485511,177270581,173291115
185277568,193706227,165694795,160924658,178617776,178901600
186857293,194696978,164051903,160460910,178524469,173524717
185541216,205133062,165362277,160617015,177110038,173824843
197920156,215614471,164051852,161599436,177136096,173980117
198156603,206942743,164204070,160608730,182166337,174892833
198355328,207643686,164942375,161287064,176878421,174835494
203504613,207244753,163596512,160064118,176464970,174340177
428633452,206513009,165361036,160731451,176496379,174986941
414860826,206991255,164527802,161831334,175989522,175251970
247399178,206684634,164338314,160594342,177198345,180259587
198354376,206799542,164488858,160676406,176072518,174363512
198513958,215270421,166517691,160198962,209470175,175253404
197956014,206893168,166224939,161288326,299682444,174332103
206309955,300851300,163961753,160687316,291376136,174971612
198332866,423173959,165816627,161605515,175833317,174764610
198868709,379931605,164650815,159583366,177231909,174000706
196031726,200972709,168168549,161391269,175973382,173314980
193006417,197421908,166697280,160736089,176080885,174430479
190139848,197860668,164313418,161881268,176437819,173694196
188617451,195328923,164893214,159856401,179150803,242188585
191574440,195130529,164859189,161681567,176740610,291274607
186845982,198535212,164645535,160666586,183051600,258531186
194878656,194962150,165106357,161699273,177021992,172751654
185630164,194033345,164802472,160229648,176983119,173599257
185422150,194128455,163914575,161254599,177276623,172810406
186361325,194778313,164590371,160605079,177491840,173464282
185684626,205965014,164904735,160448612,177485368,173231452
197686173,206839547,165869358,160693035,177049796,180950873
198176961,207423140,167306362,160642188,176917455,175657508
198353615,206633057,165292108,161509290,176804221,174584499
198508819,206725752,164267912,160425778,181580903,175442682
198582899,206648857,164882945,160929032,176087378,175273522
207247728,207743306,164556708,160904023,176074393,175278862
369016835,207643757,166202118,161785462,176303005,175487937
416227629,206714170,163666939,160536227,175149686,174564982
297822575,207820851,165379543,161489172,175500789,174834492
198331804,206967670,164892383,160597853,175494398,179777916
198210384,206869423,165396265,160969035,177940086,174573999
206957479,206975635,166216735,161585372,299113060,174961713
200776545,204915160,167483617,160634361,294494869,174999013
194492817,200760870,166842578,161058645,204749851,174060118
191100774,198386011,166469232,160923299,176164694,173908562
189886479,197962411,167942335,161707413,176171768,174054026
188005123,195881909,171873510,160728149,177177577,174083512
186506570,194779244,173305964,162151274,178044736,173059437
185653297,194330116,173443976,161871804,177730311,189249459
184973542,194261567,173482629,163254042,177326589,291020126
192941635,194193939,172589192,163119336,182389160,290211327
184308835,194463038,171902165,164485193,177057541,193792667
184751662,193648808,190580784,167222757,178034546,173714544
184374248,206068680,303137117,167770664,177030770,173165828
196724495,207098096,169082599,166827388,177640692,173599447
197330480,207218664,166098933,166799465,177501600,174572066
197311193,207213694,165039773,312716892,177421478,179407066
197641489,206941901,164688209,164947948,176210491,174849900
198100476,206806125,164915228,160798949,176312634,176312726
206762049,206984813,163992967,160655849,181317066,174770290
198176159,206253000,165394744,160458384,176601720,174658990
198174996,207783582,164481809,161810946,176540455,175754501
317445888,206720723,165390216,160464015,175627200,174684900
414494422,206845689,164466140,161564881,175282388,176713753
347988574,207242670,165404132,160724026,176121985,174853267
198839583,207519683,165342836,160357723,175410911,179772285
208925308,204496861,165382401,160660546,175866953,174748119
194210122,200552626,164234494,160609619,264731607,174272980
191155547,198927965,165085560,161682662,299233400,174362088
190081838,196865227,164862630,160628535,236975135,174053766
190166858,195162208,164414703,160725288,177769386,173839020
187121752,194438992,165256774,160935075,177556544,173405831
186711376,193825853,165167426,161566350,178186594,173403487
185526808,194036502,164758474,160629967,177156288,172892601
185186653,198145797,164292012,161704773,177168221,172514036
196151491,193578767,163928847,160412555,177621406,255153932
185810413,194257097,168443804,161849918,183450997,290635569
186069834,206510266,165736280,160468581,177389039,246515322
198284925,206791186,165838444,160332022,176769778,174795258
198102580,207791317,164010822,160439255,176536879,174579760
198266038,207110299,165214215,160118057,177077489,174526880
198363112,207362085,164231278,161433768,176572386,175892411
198310392,206451234,164597631,160559232,176457049,174796580
198254106,207085062,165311940,161201556,177103128,180138747
207355650,207212463,164104630,160576423,176526368,175203248
198575584,207330024,164388256,160317814,175779508,174311804
198013070,206941621,164581790,161727644,175929582,174718391
197736086,206588183,163348883,160817000,176379962,174802562
267999227,208023976,165315446,161746549,175490042,174653229
414164428,207244394,165718489,160219837,175585031,175230800
425781418,204230978,164126351,161333486,175408147,174535266
340231930,201237181,165771929,159479766,175434057,174286095
193079574,199427289,164718079,161116585,175388290,178894085
190921895,196786228,165763605,160505840,231387464,174351348
188016523,195669848,164940048,161547962,212476727,173622301
187291763,195103749,163554471,159801103,177268902,173294260
186680207,194284530,165375180,161387758,177394320,173617301
186033705,192886869,164201164,161490292,177158103,173572235
185203746,194519144,164282406,160804964,177165677,173490371
185762582,194772201,166707006,161371957,176558962,172813502
185735962,194806447,165986064,161120312,176942996,173832828
186467375,206458819,166230396,160640211,177106846,201112672
198979908,206940910,166356795,161852907,177627059,290965231
198202939,206952452,167052880,160749388,176742018,290802213
198866292,207708540,170599629,161068542,176575582,183676705
198244657,207097817,172353532,162721482,176761234,175609306
198123208,207069072,171672346,161886000,176126204,175617030
199187199,207043894,171378170,162526813,176903142,174470523
198195995,206928135,174197325,162934554,179916884,174691001
198330139,206939067,173107065,163904692,175906519,175044018
198784397,208399146,173922336,166575309,175416714,174516820
198051782,207332580,316086316,168174808,175563992,174247132
199523584,207629422,169353366,167691803,175579591,174428133
198997170,207521366,168157437,168711634,175271660,174410851
198820927,205816645,165096697,312257891,174951927,174573448
195447981,201520256,164376176,166594995,175466589,174300091
192589106,199072119,165282117,160409431,175899807,175343954
191831184,196490970,164164535,161456114,176168654,173579829
190142803,196165225,164094954,161300949,177280194,174787924
187521356,194994032,164715236,161536405,178003580,172561064
186518832,194330658,164995025,161118623,177645003,174129088
186280912,193846071,164153074,162295131,177734663,174946382
185546503,193837175,165084835,160742021,177008832,175614566
186014879,198024569,163698445,161804942,177343434,173064566
185762381,196569509,166640633,161157036,177217115,173894735
186037712,207314396,165769147,161225314,176808053,173344535
198560203,207024217,164549404,161761950,177507524,172951743
198478069,207590507,165997950,160922430,177969176,174433644
198128758,207039105,163988534,160712393,176453834,175634514
198383591,207158772,164836887,160324107,176878044,174728821
198175096,207217754,165291055,161133200,177881210,175304490
197994394,206667093,165095495,159999331,176210394,175527901
198657748,214409755,163537303,161385677,175877796,175203018
198765732,207153703,164961543,160902412,175471007,175650513
198858277,206562695,164494330,162143272,175214262,175400000
198518895,206313023,163740527,161093564,175811792,174763908
197918380,206595107,165023910,161737453,175038160,174689928
198244457,206796306,163644696,160861523,175089238,173609536
198507854,249092103,165373742,161433045,175188403,174993792
195558509,272401395,165236212,159862651,175474886,173483127
192532980,199644270,165405341,161710822,175529538,173670902
191541005,195276235,165049469,160495119,176987934,174762215
187716405,195385451,163261473,160682695,178204871,173607542
187790815,195343072,164032549,161093461,176892703,174312595
187524612,194082809,164006830,161087109,177182320,172537629
185720712,193908961,164829033,162114605,177385414,173003841
185064512,193493616,165489611,160812730,177905185,173476734
185580277,201968141,163935405,161726791,177207588,173421401
185689613,195976018,164736709,160764518,176839953,173301293
186604643,206241167,165155330,162858943,176798776,173467156
198048185,206607100,164858379,160693403,177462209,173471345
198341570,206770558,164232417,161760372,177071762,173780489
198030321,206974634,165977714,160750120,176990608,174795548
198117747,206733459,164792625,160851391,176115125,174802971
198858407,206877460,165391357,161806801,177206817,175512813
198182369,213604474,164590784,161309499,176031717,174849089
198195413,206571262,163698899,161018628,176970211,174944599
198174424,206465261,168031414,160916985,175635159,174322664
198311873,206049125,165918513,160646713,177974998,174932766
198252591,206778443,166106387,162350850,175477090,174351488
198360325,206505077,165812532,161070736,175360309,173844240
197829000,206735171,167927727,162314701,175231376,174802320
197963054,202905194,173223240,161221801,179431488,174424997
195798843,307300622,170981937,161811758,178778445,174724974
192876729,359491197,172475177,161533561,176206508,174226331
191775607,267672338,171571230,162904949,175466470,175101966
187941010,194622539,170871257,163495166,177014394,174377858
187355682,195078161,172378385,163588002,176951585,173244687
187008977,193929981,172060985,165299142,177416954,172604987
186083017,193599947,482849956,331068232,177390394,172664329
187781157,203443731,261134462,221267385,176934633,172837607
186333762,195828619,169591982,208684979,177632552,173271026
185821783,195654691,166567419,279815755,177415401,173311342
186948393,206883271,163851430,210303342,177266340,173086867
198410179,206197185,164900631,160629527,176559355,173800347
199379702,207214348,164163358,160270217,176516323,173347259
198081428,206615495,164098225,161517869,177051975,174880758
197991067,206973843,165682409,160265888,176342956,174993091
198404619,206374520,164044685,160358392,175615042,174644001
198255627,206885015,165189527,161217701,175925267,174966571
198120120,207464300,164286943,160533774,176301940,175311943
197693925,207691549,165041678,160488308,176355620,175144998
198108318,207550502,164290129,161475337,175283035,174560543
197981690,206658968,165028274,160582056,175414212,174218227
198724413,207859697,164817245,161818406,175444910,174469971
198845451,212249233,164088658,160438764,175548116,174545424
198841865,202242310,165025128,161555177,175132350,175009010
194699404,200758226,164078710,160512944,178110134,175575111
192613161,199494327,165518729,160556416,176250652,174044537
192216490,247138911,164179741,160419537,176607918,173804825
187183206,314366736,165351043,159870346,180451006,173470503
187188336,201548109,164631754,160968135,180651405,174610217
188723177,199361265,164773624,161325481,179730776,173284101
185839536,193185484,165009989,161718075,176913414,172991357
185386139,195566654,164677261,161257012,178008132,172860950
185769614,193845632,165245725,160556835,178954089,173240848
186810332,195936884,164302964,161865924,184127119,172989212
187341706,207970707,165044435,160815965,177204414,173471995
198498706,206803341,164480510,160329254,177697375,172715376
198652106,206860900,165284659,160694015,178602234,173489819
198890858,207097927,165338440,160193246,177504972,174083912
198779917,213061168,165151848,161446891,177001180,175145138
198722569,206768174,165120970,160822257,176712475,175333544
198504948,206905655,163527801,159796123,176192504,175494759
198898271,206578967,164796126,160711056,176415654,175123166
198485551,206496682,165789051,161803394,183365501,175018018
199071408,206217063,165104319,160484497,175502230,175223996
198300010,206449212,164796126,161686072,178549345,174731376
197960188,211333072,165279801,160979613,175283395,174666082
198646165,206842565,164387485,161394109,175501599,175061901
199315751,202051671,166029677,160647213,176683601,175047733
196327441,200497634,164429664,160437026,176189458,174216864
193207585,199610397,165482985,161406992,176109466,174169855
192057891,195291355,165216611,160430494,176181412,175388658
187423811,195098569,164934538,161304307,263784638,174398958
187596958,310060057,166063160,159527652,296738108,174279913
187950316,318022075,167728727,161434123,249614445,173746423
185878228,317979694,166116061,159945895,177738414,173286435
185045535,197603324,166241287,162068223,177480707,173879696
185415785,193985246,166654709,160888719,177131587,172999001
185915810,196004262,171943598,161717430,179687325,173180043
186835709,207008899,171516872,161146466,176742743,173966420
200139778,206537970,172463030,162592365,182899641,181612221
206188702,211644680,171948688,161383686,177002013,173682583
198002517,206721646,174097518,162777755,177014978,180984906
198043085,206805495,172295724,164077167,176266584,260361202
198620576,206528131,172189403,164516188,175990653,175429646
197935652,206174051,316047623,166605182,176433780,175146971
198086046,206534703,170644867,166624048,175958111,175386194
198250817,206592001,168518900,168741077,176079321,175356187
198515297,205893302,165192738,243819294,175190983,174698373
198223645,211399468,164609667,236830741,181355766,181789808
205467819,207197937,164547398,160707815,175031621,175309799
198018268,206365654,164747147,160204891,175261255,175046592
198293186,201796358,164320300,161384295,175567063,174582644
246412448,200470763,163951393,160469743,175468907,174414697
359219158,200309388,165664179,160635617,175441436,173708252
200495920,195314638,165089303,161513870,180638401,173855210
187325935,195093681,164941044,160466878,178920157,174784876
194446015,199622650,165733531,160327533,177221298,173882001
186881405,193505590,165723442,160513876,228466344,179275634
185811743,195782553,164511541,161748022,295967755,174694146
185111449,313079655,165333706,160893365,279400904,173144876
185391719,313114360,165074606,161520653,177492961,172167769
185864172,224764206,164877373,160586422,177390438,173623532
187569195,206995514,164995436,161753732,176964072,174382526
198692712,214532940,163917811,160474069,177090541,173403096
204780178,206390711,164726028,160597864,177154723,173569329
198211532,206615236,163826158,161706883,182854307,173468208
198559771,206487514,166147313,160518022,176094119,193556258
198070005,207098870,165074076,161178362,176283908,293503568
198512932,206362429,163596825,159490366,175904491,293420400
198321180,206620425,165879176,160428903,176015641,193850925
198198568,206432350,164486866,160555733,175877019,175541277
198325528,219481182,165888574,161522734,175444884,175383047
198576302,206265115,165341350,160510548,175296713,175124328
204692143,207362097,163715270,161293339,174921464,174148415
198107827,207094321,164471708,160797980,181104914,180430257
198516287,202218727,164122989,160980186,175900133,175139838
194265303,200485331,164445319,160320166,175703181,174695448
192920250,199983522,164295345,161558400,176259612,173880577
344994528,194826946,165094285,160337169,176110340,172946462
306670814,195248443,163619009,161245206,177126920,173742386
312136166,206730964,164888726,159959642,176922565,173528843
192928205,193327273,164495995,161765601,177670677,173970698
185789320,197366587,163995109,160366011,176838876,173797811
185847210,194272409,166015435,161664340,190554051,174258862
185536162,193987240,163967267,161680270,300056378,178274131
185401618,318959007,165087993,161454613,295047518,173518152
187631172,429855422,164212990,160967500,192736002,172901036
200307905,440914683,163621183,160916393,177435734,172923247
205718592,250287152,165500292,159699077,176983089,174063232
198167108,212145889,164903115,161996478,177276113,172918439
198639851,207207847,167196286,160387441,175736605,175432110
198133574,207042023,165147777,160307089,181451249,174897609
199168320,206969396,167227555,160552293,176215941,175356047
198067270,208180665,165554966,160736360,179899387,258140153
198459610,221487713,165240762,161941934,176465682,291908873
198590839,207406812,171152339,160607926,175268180,245978235
203488467,206562436,172124164,161839850,175037526,174731295
198294128,206806518,171891536,161618651,176696127,174850741
198284780,207414437,171894511,163026416,175464572,174697461
197635052,204395902,171262448,161782640,175380543,174259423
194202053,200510700,171633498,164284549,175241850,174946432
192762341,200061409,171066308,163395254,181130643,180208509
191849986,195114371,311886072,166784822,175792662,173562305
186879040,208183230,171533370,167598162,177549309,174141070
191952912,195578357,167824965,167306390,177011994,173988661
300835533,193936324,163777159,193166796,178202513,173222473
304449865,193918039,165418430,287679759,177234465,173516609
219079518,195018349,164803528,162396662,176752153,173758286
185609650,194368450,164875775,160570013,179743634,173385461
186031487,199160398,164033053,160918092,177398795,174145668
187948802,207071739,165823224,161220383,282047797,178890497
204060528,219244675,164890924,161832433,294220988,173385732
198331268,393707385,163542196,160866073,225605644,173454351
198460692,430174556,165795332,162366944,177297655,173590599
198923577,297351501,164635009,160929783,176371214,175557536
197991846,206724803,164222772,161999930,176494768,175048385
198740161,207130581,164623168,160161117,176239907,175894704
198217664,215645313,168114833,161191397,176160938,174988010
198091505,206671433,163545203,161926570,181573260,175019519
197809391,206494528,166380908,160772815,176132204,204517527
203275684,206711378,163988329,161610452,175460875,292639033
198187697,206624233,164622387,160559271,175970990,290709225
197788732,206424326,165431806,162089006,176114240,182058084
198295791,202538441,165872388,159191009,175479109,175197596
193742514,199381746,165103426,161799478,175799184,175337661
192657672,200648410,164644509,161076078,176324567,175190543
191523198,208018047,165940307,162053469,175829332,173790146
187047247,194836927,164029477,160812549,183209591,179754370
192614151,194728581,164861409,160884585,177213555,173755000
186216297,193903071,163088350,161459984,177689045,174144456
185999938,193784658,164908047,161483088,177864535,173901476
272417213,193970950,166311699,160542758,177275594,172938576
304242292,193594468,163694666,160541024,177354462,172842695
247825948,197944240,164652826,161513465,177602681,173019670
187754074,207423563,164085934,160916055,177572344,173686990
202853216,217311712,165060666,160777551,176839209,173937144
201841433,207865600,164597781,160646573,250820609,174108468
198486591,207114610,164915933,161957856,295120599,179176978
198221580,342000975,164608662,160781618,257396279,175281023
198362126,424761937,165169943,161648410,177276304,174026713
198059624,342268812,163752976,160521556,176828710,175568587
198510857,215031653,165368318,161376995,176592614,175079913
197928817,206524245,163901146,160775857,176490701,174396552
198136158,207269393,165214808,161904143,175515119,174632679
205370633,207089333,164897959,160905572,180681507,174827687
198132843,206945982,164092838,160804912,175213228,174477586
198236829,207830885,164704234,162443614,175701110,268726352
197876488,202101156,165496150,160960185,175470164,291525178
193872708,199612803,166075695,160890924,175958567,234419096
192137790,199754941,167429431,160661759,176277609,173621578
192413441,204470323,166875486,161962182,176475523,173933557
187984007,194953647,165420727,161082195,178010543,173287697
199049776,195026745,164191456,161757274,177783674,173473738
186316085,193950270,171651527,160415794,183275486,173925331
186272613,193960570,173090095,162392355,177287076,178083571
186223829,194203069,170476107,161846342,177597692,173075986
185593579,194074406,172475704,163066732,177422631,173389959
244011877,199000635,172090968,162340377,178048225,173105872
325356735,206659450,170631371,164579236,177183951,173164804
404052333,215461116,172787543,163511384,177259033,172552546
310692434,206866831,315677272,166984880,177773104,173099381
198106462,206797712,171057657,167111150,177377897,174504736
198273648,206977221,168087265,168285963,218081045,174360805
197838464,207393869,163622442,167185080,296334403,179813190
198022884,295763811,165612461,311556892,289979591,175407353
197925530,422919305,165329937,165404787,176627130,174598213
197712307,430935124,165350677,160481035,175845133,174628660
198228723,333358332,166170805,160079613,176176318,176138905
210620418,207132154,164309691,161332126,174831148,175825523
198568917,210028087,163652269,160837028,175672056,175087227
198526616,208261709,166213707,160429737,181389665,174479679
198147840,202092620,166944617,160381314,175786533,174941192
194443889,198832387,164975919,160471966,176222066,222556152
192606455,208536979,165950720,161340410,176262351,291081869
191988597,195192570,163951514,160883055,175803074,285234246
186854733,194953107,166693073,161525321,177633601,174311000
186711171,194669660,165758948,160194240,177290554,173125570
198544399,193849712,165131192,161318308,177198960,174114007
185432986,193576044,166675019,161218368,177375344,173989963
184970821,194205974,165704286,160546485,177315641,173714614
185488039,194727420,164900998,161569543,182578621,178327763
185459746,207432481,163904106,160590309,177446278,173252389
188158246,207151160,165701149,161962327,177408015,172951521
227347095,206997259,165450597,160867473,177661043,173490319
314517624,207734091,164714607,160872072,178718781,173198277
431571301,207182619,165166761,160744861,185479441,173138433
362928305,206801009,163818043,161660044,179846400,173853266
198290720,206558610,165556908,160866952,177690640,175260916
197687199,207109121,165052666,161424968,180645821,175611478
198255904,206703144,165109012,159773942,300083236,176183479
197961968,215788244,166335770,160380139,295974947,181023348
197566841,304986251,163973557,161339386,202854127,174900764
210720366,423797014,164764551,160382463,175702975,174844768
197842813,378492513,164179226,160228372,175465507,174855589
197829488,206238716,164597245,160289427,175811020,174886358
198870636,202046593,165057555,160665088,175894658,174906035
193506265,207331952,165449786,159343716,181283716,174278879
191950394,201013691,165421943,161403565,176507585,174499446
192409673,195707662,166467349,160326135,176507164,173376473
187401966,194972834,165551418,161256608,178133917,278979463
187294864,195709236,165549004,160452676,177576705,291170426
196499564,194215562,165557320,160626334,178241921,222453768
186429829,193529696,165156522,160822905,177653890,173560481
185046534,194622532,165858529,161476633,177506302,172675067
185439817,193773477,164901220,160585285,177880960,173122725
186621441,199754250,163940195,161320237,177748870,172381342
188845375,207194102,166961392,160332637,182740839,172894503
199145986,207662728,166967925,160592699,177312576,179310290
198384197,207075447,166552120,160636411,177400452,173738297
198594854,207347492,165158448,161393774,177176098,173128184
268257999,207627431,166202479,162128947,176503718,172815804
418681805,207624975,172165814,160901533,176971212,176081948
408305610,215945070,173237959,162187728,178145029,174961679
198891906,207148205,173205087,161686088,176650285,174629953
200012343,206570222,173144934,161366953,176213921,175533320
197361012,208869167,172503822,161849717,277535590,178924651
197142869,210285625,171145086,164833627,294837730,181244155
205900904,260218954,171311701,163003302,231894949,174621297
197461432,423136757,317118293,166898347,175377651,174875146
197020698,258039856,168654352,167116500,176354939,174310218
192986903,197980308,164061245,167147407,176032108,174819902
190879620,200369393,166013153,166892755,176292700,174772522
190662199,194990709,167180638,260927661,176389422,173115510
186313568,195006027,163359150,219222827,187125330,174105011
185991390,195217627,165951176,160946867,177852196,173750340
186680693,194210814,165163699,160365415,177987021,226596068
195160882,193631248,164417869,160272829,177892071,290981058
185189524,193820426,165527296,160496652,178091307,273970475
185745985,194179415,164477181,161575636,177543162,173187215
185891972,200916166,165177083,160655114,178031896,174935189
188611763,207237634,165598390,161714059,177658240,174146980
200594905,207023429,163740450,160641717,177547270,172612268
198127290,206520137,166128662,160483507,182180331,174192846
198574185,206652327,165407399,161495774,177205595,174123145
198390588,208258824,164908337,161056993,176554896,179232152
206569999,207993873,165361953,161467080,177052536,175120991
207576292,206954419,165379027,160867173,176940103,174453700
414519987,207349105,165659717,161528506,177025525,177985505
414362880,207295493,165859643,160494017,176506315,174329625
242331309,207643160,165863451,161528235,175618707,175587403
197866628,207139028,164683471,160230407,175918945,174840320
206878322,207001197,165212933,161498418,241327004,175099941
199018214,206769640,164397472,160282145,294719359,174526567
200067238,202257241,164324404,161619196,264623364,179984724
193585955,200735766,163704503,160914111,176299925,175306231
191895490,200337614,165431245,160533640,176285819,174507181
191606855,195543012,163668537,160489316,176810088,174241718
187239279,194667107,164270572,161496604,178140662,173824731
187391025,194532152,164579256,160748978,177446170,174436978
187608537,193622692,327659963,319249929,182781948,173919018
194916631,193842267,218332004,211208274,177790089,173963934
185157282,194721971,165740811,164160736,178051543,173343722
185460636,193638883,165823126,159552532,177076994,293039008
185852045,201237373,163770899,161463399,177908684,291615737
188845745,207787654,163318255,160542105,177154139,207165681
198508270,207725185,166347328,161670881,177694189,173500818
198634298,206797392,163945159,160319693,177261451,173479228
198538918,206791400,165126079,161202635,176793889,173614263
198278526,207656015,165035559,160432255,182047671,173983110
198100319,206934452,165106874,161337490,176393783,174886097
206442778,207038378,165260764,160452706,176838092,179195523
197870925,207127967,164308175,160791856,176851948,176050828
198704781,206655083,164834720,160308511,176140335,175307694
374186423,206558161,164036302,160494743,175267104,175016513
414435086,210258173,167114506,160398481,175841140,175353410
291106148,207140170,166705965,161503895,175298013,175140617
206625754,206724845,166079120,160568583,176363055,175079031
198282694,202318858,166277906,161592782,210283242,175712719
194215464,197823282,165355003,160759183,296376881,174969985
191461370,199946525,173328615,161918428,295332178,180314928
191683068,194952156,172667677,161381702,178502556,174750660
186905867,194683007,171453022,161837003,178486456,173474108
187078293,194483059,171714176,161790586,177020487,174551654
187265848,193866985,171074238,161390358,178298020,174229375
185885269,194161772,171957666,163957769,177779891,173163149
194033611,194455286,171558502,163152213,183128504,173092207
185757046,194412986,314741183,164590035,177078456,172769185
186313789,200815347,168569998,166669261,177384475,172370150
191639585,207654072,166431056,167992668,177288634,234639150
198228360,207148997,166947512,167251073,177540650,295938197
198627585,207049169,164714675,212911153,178734765,260510852
198420244,206829553,164851112,264413814,176869332,174455884
198679934,206676564,166099571,163517353,176703559,173679375
197941638,206906438,165399869,160314389,176645950,174374641
206934126,206692725,164149248,161113542,181757294,174888931
198657040,206679991,165095995,160384040,176470950,176262048
199486359,206659071,163843259,160867555,176923775,174864295
200494855,207015215,163632862,161648304,175823797,180772051
198158729,206609667,164292688,160880760,175357537,175560461
324612855,207457330,163819104,161449036,176581860,174494827
414414927,206583538,163989515,161073044,175905322,175065455
423214450,202482458,164893353,162055033,175725481,174472535
282523773,197387318,165117937,160979186,176072788,174397874
191024052,200674350,164340118,161912512,176203375,174995623
192022318,196327575,165226963,161314270,291003844,174636064
187063555,194721339,164067855,161331994,240699922,174532057
187752939,194666926,164776673,160573096,176766237,183922657
186284392,194229000,164147374,160423093,177437255,174653837
186589058,194741768,164687254,161006105,177644727,173404837
185582005,193997341,166004633,161327735,177991381,173728839
185832488,194402316,165865410,160800346,177304786,173196252
185659441,201612253,163475586,160138223,177680134,173367507
189523105,207072743,165181489,162069969,178211438,173670879
198489704,207299332,165224410,160965408,178584342,173567344
198342776,206887904,163449707,161588006,177758993,182708572
198518448,207044580,164770732,160488644,177010038,296078211
198092893,206974517,164985759,161391214,177023485,291137833
197939724,207193622,163919183,160220857,176485728,197304290
198535871,207246301,165062855,160427609,176545361,175408373
197976673,208082792,163745196,160801867,177041779,175869745
197961716,207177430,164777635,160962551,176529210,175460663
198154891,206982142,164158356,161587885,176401229,175085293
198174207,207069397,164586785,159777127,175362096,174920731
198118462,207383451,164031537,161039506,176388044,180320548
198678711,212296426,164077945,160782150,175593403,174585197
198122651,203175287,164959781,161963736,175927403,174951159
194057004,196426322,165403739,160774293,176557364,174678284
191102761,201087922,164835185,160696376,176562874,174540863
192113692,196022529,164195007,160729258,176052952,174365702
188420170,195409851,165238378,161236719,178254510,174051669
187521099,195134270,165516794,161746965,176799802,174036480
186880689,193219742,164075961,160669646,178068458,173429022
185849029,194216406,166670853,161247037,178200698,174162398
185597703,194813364,164859853,161426427,177693229,173240996
185690570,194363202,167248205,160961818,177721213,173709142
185442951,201612664,164936477,161941803,177826341,172985464
191689679,206914283,164204705,160987306,176897266,173503793
198008514,207218128,172461271,162438343,177694141,172948013
198154900,207819434,171784223,161293454,178913976,173451465
198792736,207652509,171627106,162269192,177388805,173812036
198007983,206830415,172722496,161632265,176885153,173663384
198000549,214266800,172347948,163092952,176493384,248186287
198338878,206898774,171533399,163355850,177058571,190301503
198211948,207252193,171703983,164412399,176566141,175429443
197966274,207345529,317404792,164090239,177255153,175035589
197692026,207034000,171106734,167329882,176181274,174921583
197789681,207107950,163432698,167432716,175879905,175270553
197865393,206689990,163770105,168349102,175619233,174695686
198612326,207891190,165696805,168182406,175402253,174518291
198333147,361218117,164211739,312102346,175610236,175125288
194590823,271041619,164944734,165122131,177577592,174270913
191272832,200430239,166729445,160773147,176468857,174815483
191704979,195670304,164593932,159734721,176241228,174432458
187222806,195277732,165790542,161710632,177275101,174433210
187101507,194418968,165584452,160498387,177425104,173974101
186429427,193647961,164030718,160577537,178296590,174223474
185793174,201009383,165660647,160971572,177941690,174806626
185411762,193876504,164494133,161117138,177147129,173395558
185818451,194265268,165307761,160576374,177006373,172635451
185901068,202578510,164169220,161422085,177265974,174140216
189658770,207550506,165826170,160755342,176817806,173184400
198706393,207373513,163950867,161648134,179117932,172926181
198355650,207357320,165474035,160573407,177511557,173751011
198180819,206582186,165163248,161512034,177540543,174442107
198788949,213246481,164234434,160537208,176833617,173480169
198294764,206489532,166060783,161420231,177108296,173469849
197980852,207203500,164249292,160649000,177836110,176192185
198078076,206162974,166379425,160536949,176520876,174643647
197991952,206611331,165377523,160724843,176410087,175615465
198104154,206565665,165397130,160804003,175440385,175348821
198409000,207401646,165682380,160410057,175576282,175411479
198526693,206452341,165091764,160863926,176063843,174220096
197418528,217040642,164164542,161822332,175835422,174856400
198041346,202179596,165848884,161442701,177674175,174505377
194376228,249288097,165204617,162328588,175978012,175333582
190904424,359963287,164869614,160767613,176091997,174382283
191560134,290207111,164344322,160863434,176291835,175269741
187097960,195152144,165548818,161626699,177921793,174485919
187325690,194321084,163564248,160478485,176937063,173786086
186516150,199045292,165827484,161794076,179435733,175105761
185552418,194174637,165534671,160216789,178009538,174474969
185119079,194140493,164867570,161601250,177731424,173743195
185572255,193830787,165209937,160934528,177596659,172744117
185776822,202494091,163784966,160364529,177261105,173688753
189902311,206962085,164998208,160009997,177496589,173502349
198428978,206890319,164603453,161700618,177374990,172996223
198579552,206828742,164816445,160762421,177270152,173824399
198383482,212532912,165291071,161490069,177337780,173111481
200714589,206536139,165741402,160274998,179431134,173443600
198035354,207066482,164191715,161744691,178156527,173371022
198348054,206981691,167299986,160459437,177251056,175583394
199233038,208236643,166948352,161135919,176576782,174453478
197958198,206796542,167015829,160381679,175971620,175507991
198456771,206358213,166682640,161140516,176045209,174935610
198407487,207207669,165613862,160992395,175273471,175134776
198244459,212387869,172456368,159742919,175682764,174419384
197716531,206687815,172357621,161974544,175867443,176349362
197737621,201467110,171271369,160752641,177809812,174419714
194328757,195620199,172398448,162594789,176692502,174977108
191057413,200386767,173590600,161267004,176085445,175274770
191720597,224347482,171243727,162889726,176605588,174908228
187442320,314054452,172055140,163047896,178087416,174224615
188884305,319031399,299767564,163640117,177495979,173570239
186905596,284774675,187773864,166521332,177950839,174259872
186274753,193457522,167858332,168478708,177656653,173886407
186110824,194483902,163682654,166511061,179142289,174063310
185903230,193564635,164358211,168266575,177635464,174875105
186121212,203078465,163988853,283605507,178286542,173246155
190197078,207188753,164828830,196368578,178447006,173067679
198459505,211934963,164389500,160737361,177119278,174246146
198722002,206717863,165086486,161283584,178493524,173655850
198990489,206587366,165429926,160773127,177998038,173688341
199224110,206946916,165697571,161792117,177355665,173909730
198988356,206334459,165307143,160716079,184293649,173730371
199227056,206677447,164259484,161581538,177219477,175036239
198463874,207188843,165565762,160514528,177248944,174369439
198558372,207151152,164337912,160663077,176655492,175114627
199010147,212647580,164845372,160648811,175698164,175300419
198070870,211668289,165297335,160414628,175816548,174907706
198130082,206572619,164385724,161048448,176043867,174952641
198310264,206865492,166339294,161368844,176285032,175362116
198572639,201554304,163992781,160512163,175767836,174303294
196126776,195986332,165309128,160944430,183405372,175099649
190674710,200027829,164688907,161589551,176690589,174093588
192535157,194955444,165816828,160511430,177370093,174863693
187316892,199872345,164654952,161579041,224353314,175159813
187818361,194551570,166347480,160808742,297338806,174063612
186044056,226472468,164675741,161447101,193623962,174277756
185347450,312960716,164607042,160476594,177950549,173444701
185017376,309707306,165491894,159876386,177834860,174034336
185452367,194263806,164148847,162217589,184187038,174043863
185332121,203611853,163737650,160689667,177629312,172970404
191036142,206760825,165271418,160497071,177563959,173779874
198558793,206792274,165128558,160281524,178159343,173191072
206125445,206836177,164693596,161404189,177578016,172684114
